Question,Answer,RFP_doc_ID,Date,,,,,
How is encryption handled by the application?,The product uses TLS 1.2 to encrypt data transmission.,RFP001,2/10/23,,,,,
What are the access controls in the application?,The platform employs role-based access control (RBAC) to manage user permissions.,RFP002,2/10/23,,,,,
Can the platform integrate with external data sources?,Yes the platform supports integration with various external data sources through APIs.,RFP003,3/10/23,,,,,
How does the product handle real-time data processing?,The platform offers real-time data processing capabilities through its streaming analytics feature.,RFP004,3/10/23,,,,,
Is there a built-in dashboard for data visualization?,Yes the product includes a customizable dashboard for data visualization.,RFP005,4/10/23,,,,,
What types of data connectors are available?,The platform provides connectors for popular data sources like databases  cloud services  and RESTful APIs.,RFP006,4/10/23,,,,,
How does the platform ensure data security?,The platform implements robust data security measures  including encryption at rest and in transit,RFP007,5/10/23,,,,,
Is there support for machine learning and predictive analytics?,Yes the platform offers machine learning tools and supports predictive analytics for advanced data analysis.,RFP008,5/10/23,,,,,
Can I schedule automated data imports and exports?,Yes the platform allows you to schedule automated data imports and exports for improved data management.,RFP009,6/10/23,,,,,
What reporting and analytics tools are included?,"The product comes with a range of reporting and analytics tools  including data visualization	 ad-hoc reporting",RFP010,6/10/23,,,,,
How are user roles managed in the system?,"User roles can be managed through the platform's admin console  allowing administrators to assign and revoke permissions as needed.	",RFP011,7/10/23,,,,,
Does the platform support multi-factor authentication (MFA)?,Yes the platform offers multi-factor authentication as an additional security layer for user logins.,RFP012,7/10/23,,,,,
Can I export data to common file formats like CSV and Excel?,Yes the platform supports exporting data to CSV  Excel and other common formats for easy data sharing and analysis.,RFP013,8/10/23,,,,,
What is the maximum data storage capacity of the platform?,The platform's data storage capacity is scalable and can be configured to meet your specific requirements.,RFP014,8/10/23,,,,,
Is there a mobile app for accessing analytics on the go?,Yes a mobile app is available for convenient access to analytics and data insights from mobile devices.,RFP015,9/10/23,,,,,
How is data transformation and cleansing handled?,The platform provides data transformation and cleansing tools to ensure data quality and consistency before analysis.,RFP016,9/10/23,,,,,
Can I create custom alerts and notifications?,Yes you can create custom alerts and notifications based on predefined conditions to stay informed about important events.,RFP017,10/10/23,,,,,
Is there a limit to the number of users that can access the platform?,The platform is designed to accommodate a scalable number of users  and user licenses can be tailored to your organization's needs.,RFP018,10/10/23,,,,,
What types of data visualization options are available?,"The platform offers a variety of data visualization options  including charts	 graphs  heatmaps  and geospatial visualizations.",RFP019,11/10/23,,,,,
How often is the platform updated with new features?,The platform receives regular updates  with new features and enhancements typically rolled out on a quarterly basis.,RFP020,11/10/23,,,,,
Can the platform connect to on-premises data sources?,Yes the platform can establish connections to on-premises data sources through secure VPN or direct network access.,RFP021,12/10/23,,,,,
What level of technical support is available?,"The platform offers different levels of technical support  including standard support	 premium support	 and 24/7 support options.",RFP022,12/10/23,,,,,
Is there a data catalog for organizing and searching data assets?,"Yes the platform includes a data catalog that allows users to organize  search	 and discover data assets within the system.",RFP023,13/10/23,,,,,
How are data backups and disaster recovery handled?,The platform has automated data backup processes and disaster recovery plans in place to ensure data integrity and availability.,RFP024,13/10/23,,,,,
Is there a RESTful API for integrating with other applications?,Yes the platform provides a RESTful API for seamless integration with third-party applications and services.,RFP025,14/10/23,,,,,
Can the platform perform sentiment analysis on textual data?,Yes the platform offers sentiment analysis capabilities to extract insights from textual data.,RFP026,14/10/23,,,,,
How does the platform handle large volumes of data?,The platform is designed to handle large volumes of data through distributed processing and scalable architecture.,RFP027,15/10/23,,,,,
What is the licensing model for the platform?,The licensing model offers flexibility  with options for per-user licensing or enterprise-wide licensing based on your organization's needs.,RFP028,15/10/23,,,,,
Is there a data transformation and ETL tool included?,"Yes the platform includes a data transformation and ETL (Extract  Transform	 Load) tool for data preparation and integration.",RFP029,16/10/23,,,,,
Can I create custom data connectors for proprietary systems?,Yes you can develop custom data connectors using the platform's SDK for integration with proprietary systems.,RFP030,16/10/23,,,,,
Are there predefined templates for common analytics tasks?,Yes the platform provides predefined templates for common analytics tasks to streamline the analysis process.,RFP031,17/10/23,,,,,
How does the platform handle data lineage and auditing?,The platform maintains a detailed data lineage and provides auditing features to track changes and ensure data governance.,RFP032,17/10/23,,,,,
Is there support for natural language processing (NLP)?,Yes the platform includes support for natural language processing (NLP) to analyze and extract insights from text data.,RFP033,18/10/23,,,,,
Can I automate report generation and distribution?,Yes you can automate report generation and distribution based on predefined schedules and triggers.,RFP034,18/10/23,,,,,
Is there a data sandbox or playground for testing queries and analyses?,Yes the platform provides a data sandbox environment for testing queries and analyses without affecting production data.,RFP035,19/10/23,,,,,
How is data versioning and change tracking managed?,The platform offers data versioning and change tracking features to monitor and manage data changes over time.,RFP036,19/10/23,,,,,
What programming languages are supported for custom scripting?,"The platform supports multiple programming languages  including Python	 R	 and SQL	 for custom scripting and data manipulation.",RFP037,20/10/23,,,,,
Is there a machine learning model marketplace?,Yes the platform includes a marketplace for machine learning models that can be easily integrated into your analytics workflows.,RFP038,20/10/23,,,,,
How does the platform handle data outliers and anomalies?,The platform includes anomaly detection algorithms to identify and flag data outliers for further investigation.,RFP039,21/10/23,,,,,
Can I set up automated alerts based on specific data conditions?,Yes you can configure automated alerts based on predefined data conditions to proactively monitor data changes.,RFP040,21/10/23,,,,,
What is the platform's data import performance?,The platform offers high-performance data import capabilities  with optimized data loading processes for efficiency.,RFP041,22/10/23,,,,,
Is there a data quality assessment tool?,Yes the platform includes a data quality assessment tool to evaluate and improve the quality of your data assets.,RFP042,22/10/23,,,,,
Can I schedule automated data cleansing tasks?,Yes you can schedule automated data cleansing tasks to maintain data quality and consistency.,RFP043,23/10/23,,,,,
How are data permissions managed within the platform?,Data permissions are managed through a granular role-based access control (RBAC) system  allowing precise control over data access.,RFP044,23/10/23,,,,,
What data visualization libraries are supported?,"The platform supports popular data visualization libraries such as D3.js  Plotly	 and Highcharts for creating custom visualizations.",RFP045,24/10/23,,,,,
Is there a data lineage visualization tool?,Yes the platform includes a data lineage visualization tool to visually track data flows and dependencies.,RFP046,24/10/23,,,,,
Can I collaborate with team members on analytics projects?,Yes the platform offers collaborative features  allowing team members to work together on analytics projects and share insights.,RFP047,25/10/23,,,,,
How does the platform handle data archiving and retention policies?,The platform provides data archiving and retention features to enforce data retention policies and manage historical data.,RFP048,25/10/23,,,,,
Is there a data exploration and discovery tool?,Yes the platform includes a data exploration and discovery tool for users to explore and analyze data interactively.,RFP049,26/10/23,,,,,
Can I create custom data transformation workflows?,Yes you can create custom data transformation workflows using a visual workflow builder within the platform.,RFP050,26/10/23,,,,,
What is the platform's data compression and storage efficiency?,The platform uses advanced data compression techniques to optimize storage efficiency and reduce storage costs.,RFP051,27/10/23,,,,,
Is there support for real-time data streaming from IoT devices?,Yes the platform supports real-time data streaming from IoT devices for immediate insights and monitoring.,RFP052,27/10/23,,,,,
Can I set up automated data validation checks?,Yes you can configure automated data validation checks to ensure data accuracy and integrity.,RFP053,28/10/23,,,,,
What is the platform's data latency for real-time analytics?,The platform offers low data latency for real-time analytics  ensuring that insights are available as soon as data is ingested.,RFP054,28/10/23,,,,,
Is there a data governance framework in place?,"Yes the platform includes a data governance framework to establish data policies, standards, and data stewardship responsibilities.",RFP055,29/10/23,,,,,
How does the platform handle data privacy and compliance?,"The platform complies with data privacy regulations and offers features for data masking,anonymization and  and auditing to support compliance efforts.",RFP056,29/10/23,,,,,
Can I create custom data validation rules?,Yes you can define custom data validation rules to ensure data quality and adherence to business rules.,RFP057,30/10/23,,,,,
Is there a data catalog for managing metadata?,"Yes the platform includes a data catalog for managing metadata, data lineage, and data dictionaries.",RFP058,30/10/23,,,,,
How are data backups encrypted and secured?,Data backups are encrypted and secured using industry-standard encryption algorithms and access controls.,RFP059,31/10/23,,,,,
Can the platform integrate with cloud storage services?,Yes the platform can integrate with popular cloud storage services like Amazon S3 and Azure Blob Storage for seamless data storage and retrieval.,RFP060,31/10/23,,,,,
What is the platform's scalability for handling increased data volumes?,The platform is highly scalable and can efficiently handle increased data volumes by adding additional resources as needed.,RFP061,1/11/23,,,,,
Is there a data profiling tool for data quality assessment?,Yes the platform includes a data profiling tool to analyze and assess the quality and characteristics of your data.,RFP062,1/11/23,,,,,
Can I automate data transformation workflows?,Yes you can automate data transformation workflows to streamline data preparation processes and reduce manual effort.,RFP063,2/11/23,,,,,
What data visualization customization options are available?,"The platform offers extensive customization options for data visualizations  including color schemes	 chart types	 and interactive features.",RFP064,2/11/23,,,,,
Is there a data dictionary for defining data attributes and definitions?,"Yes the platform includes a data dictionary for defining data attributes  metadata	 and data definitions for improved data governance.",RFP065,3/11/23,,,,,
How is data lineage tracked across data sources?,Data lineage is tracked across data sources using unique identifiers and metadata tags to establish relationships and dependencies.,RFP066,3/11/23,,,,,
Can I set up automated data replication to a secondary location?,Yes you can configure automated data replication to a secondary location for data redundancy and disaster recovery purposes.,RFP067,4/11/23,,,,,
Is there support for geospatial analytics?,Yes the platform includes support for geospatial analytics  allowing you to analyze location-based data and map visualizations.,RFP068,4/11/23,,,,,
How does the platform handle data deduplication?,The platform uses advanced data deduplication algorithms to identify and remove duplicate records for cleaner data sets.,RFP069,5/11/23,,,,,
Can I create custom data access roles and permissions?,Yes you can define custom data access roles and permissions to control access to specific data sets and attributes.,RFP070,5/11/23,,,,,
Is there a data transformation validation tool?,Yes the platform includes a data transformation validation tool to verify the accuracy of data transformation processes.,RFP071,6/11/23,,,,,
How does the platform support data lineage visualization?,The platform offers a visual data lineage feature that allows users to explore and visualize data lineage and dependencies.,RFP072,6/11/23,,,,,
Is there support for data virtualization?,Yes the platform supports data virtualization to provide a unified view of data from multiple sources without physically moving the data.,RFP073,7/11/23,,,,,
Can I set up data retention policies based on regulatory requirements?,Yes you can configure data retention policies to align with regulatory requirements and automatically enforce data retention periods.,RFP074,7/11/23,,,,,
What data profiling metrics are available?,"The platform provides various data profiling metrics  including data completeness	 data accuracy	 and data consistency	 to assess data quality.",RFP075,8/11/23,,,,,
How does the platform handle unstructured data?,The platform includes text mining and natural language processing (NLP) capabilities to extract insights from unstructured data sources.,RFP076,8/11/23,,,,,
Can I create custom data validation reports?,Yes you can generate custom data validation reports to identify and resolve data quality issues.,RFP077,9/11/23,,,,,
Is there a data classification and tagging system?,Yes the platform includes a data classification and tagging system to label data according to its sensitivity and usage restrictions.,RFP078,9/11/23,,,,,
How are data backups and restores managed?,Data backups are scheduled and managed through the platform's backup and restore module  allowing for easy data recovery in case of data loss.,RFP079,10/11/23,,,,,
Can I integrate external machine learning models?,Yes you can integrate external machine learning models into the platform's analytics workflows for advanced predictive modeling.,RFP080,10/11/23,,,,,
What is the platform's support for streaming data analytics?,The platform offers real-time streaming analytics capabilities to process and analyze data as it is ingested.,RFP081,11/11/23,,,,,
Is there a data quality dashboard for monitoring data quality metrics?,Yes the platform includes a data quality dashboard to monitor key data quality metrics and track improvements over time.,RFP082,11/11/23,,,,,
Can I automate data transformation testing?,Yes you can automate data transformation testing to validate the accuracy and effectiveness of data transformation processes.,RFP083,12/11/23,,,,,
What data export formats are supported?,"The platform supports a wide range of data export formats  including CSV	 Excel	 JSON	 and more	 for flexible data sharing and integration.",RFP084,12/11/23,,,,,
How does the platform handle data replication between data centers?,Data replication between data centers is managed through a high-availability configuration to ensure data consistency and availability.,RFP085,13/11/23,,,,,
Is there a data modeling tool for creating data schemas?,Yes the platform includes a data modeling tool for designing and defining data schemas to support structured data storage.,RFP086,13/11/23,,,,,
Can I set up data validation rules based on business logic?,Yes you can define data validation rules based on business logic to ensure data accuracy and compliance with business requirements.,RFP087,14/11/23,,,,,
What is the platform's support for big data analytics?,The platform provides support for big data analytics  including integration with Hadoop and Spark for processing large-scale data sets.,RFP088,14/11/23,,,,,
How does the platform handle data masking for sensitive information?,The platform includes data masking capabilities to protect sensitive information by replacing it with masked or anonymized values.,RFP089,15/11/23,,,,,
Can I create custom data governance policies?,Yes you can define custom data governance policies and workflows to align with your organization's specific data management needs.,RFP090,15/11/23,,,,,
Is there a data lineage impact analysis tool?,Yes the platform offers a data lineage impact analysis tool to assess the potential impact of changes to data sources and transformations.,RFP091,16/11/23,,,,,
How is data audit logging configured?,Data audit logging can be configured to capture and log data access and modification events for compliance and security purposes.,RFP092,16/11/23,,,,,
Can I set up data encryption for data at rest?,Yes you can enable data encryption for data at rest to ensure that stored data remains secure and protected.,RFP093,17/11/23,,,,,
What is the platform's support for real-time dashboards?,The platform provides support for creating real-time dashboards that can display live data and updates in a dynamic manner.,RFP094,17/11/23,,,,,
Is there a data discovery and profiling tool?,"Yes the platform includes a data discovery and profiling tool to identify  classify	 and assess data assets within your organization.",RFP095,18/11/23,,,,,
Can I automate data quality checks before data ingestion?,Yes you can automate data quality checks to validate data quality before it is ingested into the platform.,RFP096,18/11/23,,,,,
How does the platform handle data lineage across cloud and on-premises data sources?,The platform maintains data lineage across hybrid environments  allowing you to trace data flows between cloud and on-premises sources.,RFP097,19/11/23,,,,,
Is there a data governance dashboard for monitoring compliance?,"Yes the platform includes a data governance dashboard to monitor compliance with data policies  regulations	 and data stewardship responsibilities.",RFP098,19/11/23,,,,,
Can I define custom data access expiration policies?,Yes you can define custom data access expiration policies to control how long specific data can be accessed and retained.,RFP099,20/11/23,,,,,
Is there support for data collaboration with external partners?,Yes the platform offers features for secure data collaboration with external partners and stakeholders while maintaining data privacy and security.,RFP100,20/11/23,,,,,